first_name,last_name,email,password,birthday
James,Dennis,jacqueline51@example.net,4bO@X5Ez,1966-07-05
Marissa,Ford,gmalone@example.com,&J)5MtL3,1994-08-23
Megan,Collier,ruizgregory@example.org,n%8HnG9a,1999-02-25
Ashley,Bailey,lisa61@example.com,k(8WyJj!,1963-07-22
Jack,Powell,patriciafischer@example.com,H&5CBjRk,1979-05-16
Matthew,Sanders,qwise@example.net,)1PxaPXb,1970-06-28
David,Porter,miguelhorn@example.net,69@8#1Pi,1976-01-10
April,Burton,susan35@example.org,(k27GCgh,1973-07-05
Tina,Mullins,troyflores@example.com,8*6K16Et,1990-05-12
Deborah,Henderson,kaylawright@example.org,)M5ThPci,1977-12-22
Amber,Escobar,carternicole@example.org,%+P4W+Sv,1995-11-11
James,Stanley,ronaldweber@example.org,%5iAeq)w,2002-05-26
Jessica,Hendrix,madisonwilliams@example.com,U$4)6OvN,1992-03-25
Gregory,Payne,adam12@example.net,e4@%2M$k,1971-08-06
Nancy,Roach,jennifer19@example.com,z$7AO9So,1997-11-30
Courtney,White,diana94@example.org,%UW5KniN,1982-08-28
Corey,Garrett,john39@example.com,%#T@9QpN,1965-05-11
Brian,Gross,thomasmichael@example.net,&$O5YGoY,1979-12-17
Paul,Johnson,douglasbradley@example.net,lne%&5Of,1993-03-06
George,Black,rjohnson@example.com,*!p7Nj@r,1974-07-23
Angela,Weeks,rileydavid@example.org,&5P8PAvn,1996-06-12
Jessica,Stanley,mcgeeelizabeth@example.net,V)h1SVUi,1989-08-30
Casey,Clark,nathanowen@example.com,^$T0DLVj,1986-11-20
Jennifer,Valenzuela,hwarren@example.net,j$OV4Fcd,1992-01-10
Robin,Cole,wferguson@example.org,H%#6Xfwn,1990-04-26
Christine,Jones,wwheeler@example.com,^50tFjSi,1988-05-22
Kayla,Martin,warddaniel@example.com,^2Cd9Juz,1994-09-29
Dylan,Brown,tbush@example.com,kM+r9JZf,1977-11-21
Michael,Craig,jessicawalter@example.org,e)0OCnFI,1985-11-16
Sherry,Fleming,martinvictoria@example.org,!9^Oi@96,1990-06-03
Sheena,Kim,hannahtran@example.net,h+8NOYtK,1979-02-12
Ann,Stewart,qhendrix@example.net,s(_3MFPk,1993-02-26
Kevin,Holder,rbentley@example.net,n8&*2LWu,1962-09-18
Kevin,Kane,bpeterson@example.net,@NP0PWfm,2004-08-11
Andrew,Aguirre,waltertravis@example.net,S%(9Gdbg,1993-03-19
Anne,Williams,larajudy@example.com,7Z_9HevQ,1971-09-14
Stephanie,Harris,laurenwilliams@example.com,l$P6Jbbr,1979-02-08
Melanie,King,mendezsherry@example.com,!fe4R0wj,1973-06-08
Heather,Small,kimberly77@example.com,Pk_vm9Zt,1996-07-14
Mary,Brown,christopheredwards@example.com,C1**3RDo,2001-07-08
Kevin,Bailey,gyoung@example.net,)U#1WQgp,1978-12-08
Michael,Nguyen,hoganpamela@example.com,A$e%7tYj,1996-06-01
Amber,Gallagher,michaellucas@example.com,)0ZqDWk*,1988-01-31
Christopher,Rogers,charlesburns@example.org,^67UswBu,2000-05-15
Kimberly,Ford,jesse18@example.org,*g5K)FLn,1977-06-21
Daniel,Jones,nataliesimpson@example.org,!1%CWCmn,1981-08-18
April,Morales,usmith@example.com,*u#+9K0q,1976-02-21
Charles,Walker,salazarsteven@example.org,@N(5HPh*,1972-06-11
Bryan,Green,kristihernandez@example.net,*f8OBh*8,1990-05-31
Christina,Miller,jacqueline34@example.net,KT)3Smyg,1974-06-06
Bruce,Lawson,robert47@example.org,O^u2jNGc,1973-09-17
Justin,Jones,terry71@example.org,)t7%MNw4,1974-02-26
Jamie,Adams,jeffrey37@example.com,y^h71jAs,1967-05-30
Maria,Adams,martinalice@example.net,&r@9UYHn,1995-04-14
Jeffrey,Hanna,ecross@example.com,))n!V9Mb,1991-06-23
Yvonne,Wilkerson,annette19@example.com,J$cEY3Ig,2004-09-22
Hannah,Bailey,mcintyrejoshua@example.net,*1qHqkWu,1980-08-10
Jesse,Manning,torreschristopher@example.com,K!3PY!bl,1985-07-24
Gina,Hayes,maria52@example.com,2c!5y_Mv,1983-09-02
Roger,Bowman,grimeslaura@example.net,$0IjCjoP,1998-03-18
Debra,Terry,obriennancy@example.org,R)Z0C2r5,1964-10-14
Candace,Harris,gonzalesfrank@example.com,CJG*X3Li,1997-11-25
Ryan,Burnett,bonillabriana@example.com,_*4K5PtO,1992-11-23
Tara,Hernandez,caldwellyvette@example.com,(71@Ryrn,1996-03-23
Jason,Deleon,perezcarrie@example.net,d^D9WEkE,1969-11-12
Sandra,Wilson,hannah51@example.net,bg$&6Kjx,1986-02-13
Samantha,Elliott,murraymary@example.net,$7fJiyYs,2000-10-19
James,Soto,tracie82@example.net,&(4VNg@Z,1966-11-29
Tiffany,Crawford,susancannon@example.org,)ZR_34Gi,1968-03-30
Jesse,Richardson,schultzronald@example.org,!9g_*LLs,1984-11-11
Ashley,Andrews,dannythompson@example.net,#i6py7Uy,2004-11-28
Melissa,Schwartz,elizabethclark@example.net,*6J_bga@,1964-11-02
Jennifer,Bell,isimon@example.org,(1Djny9&,1963-10-29
Beth,Jones,nicholsonwilliam@example.org,d%5HolSl,1972-04-27
Julie,Barnett,cheryl31@example.org,4^1PtkkC,1986-06-24
Sharon,Lloyd,longlauren@example.net,#Y%5sLgK,1987-05-27
Sara,Bailey,youngjermaine@example.net,@_r1ICkf,1996-05-25
Douglas,Aguirre,haleycurtis@example.org,5(B5PP9a,1984-12-12
Julie,Wright,blairdaniel@example.net,Vn$0WWzo,2000-08-10
Tabitha,Phillips,thomas16@example.net,i(JPX4Ks,1978-12-31
Faith,Lambert,brandontaylor@example.net,y+7JfMpy,1991-02-13
Michael,Weaver,bbailey@example.org,)8cgKAWi,1963-02-14
Carmen,Williams,saralynch@example.com,%kQ$2Wdu,1984-03-17
Andrea,Johnson,robertwilliams@example.org,i(8XgDer,1978-06-10
Rebecca,Jones,kevin25@example.com,O@2m3Ia5,1997-04-13
Leslie,Martin,fryeruth@example.net,x*8^qwIg,1996-09-12
Mary,Jimenez,brian30@example.com,u%4PwI!I,1998-05-27
Mikayla,Martin,walkerrachel@example.net,!khD4Jgd,1965-11-10
Laurie,Anderson,tburnett@example.net,+&HY19Qj,1979-04-03
Michael,Foley,gabriel27@example.net,9+!4%Jmd,2004-07-01
Joseph,Brown,michellesilva@example.net,s(1zGplA,1989-11-02
Cole,Roberts,htaylor@example.net,b&rL3Bjj,1982-11-06
Jennifer,Reid,ricetimothy@example.com,K#4X9ojy,1975-10-07
David,Jones,sdavis@example.org,0(9ZoJyk,1974-02-21
Thomas,Wilson,robert69@example.org,+r6VhDYq,1986-07-24
Timothy,Miller,jmiller@example.com,&cr8TRx_,2001-09-18
Brandon,Cook,zachary16@example.com,!ix8O$Po,1967-06-04
Erin,Jordan,johnsonashley@example.com,oy_3^Xsx,1993-03-30
Brenda,Daniel,hhernandez@example.com,M(I0STex,1966-10-26
Vanessa,Cooper,zdiaz@example.com,*@g6Ahdx,1998-05-31
Anthony,Madden,schavez@example.org,_&3MCyoG,1985-01-18
Lawrence,Ray,scottemily@example.org,_14)BkDL,1995-03-21
Makayla,Reed,pmeza@example.com,x9#0PF4a,1999-07-02
Amy,White,aprilhines@example.net,%0%LZBta,2004-01-26
Natalie,Melton,zmorgan@example.org,IF_Q3cBf,1978-01-20
Nicole,Hoffman,madelineroberts@example.org,@npUf8Xc,1975-12-15
Janet,Wilson,smithjoan@example.net,i^1IaMF),1983-12-24
Arthur,Jensen,farmerlisa@example.net,F_g4Z7lC,1989-07-04
Lori,Jordan,lporter@example.org,T$mk7fTe,1975-01-01
Joshua,Lynn,ryan29@example.org,_v7h2Lu6,1977-03-01
Miranda,White,jill67@example.net,*I7ZxBzv,1994-08-30
Jeffrey,Li,rkeller@example.com,&9!UoSt2,2000-09-12
Brittany,Smith,ublanchard@example.org,!2Wy2tX1,1989-03-30
Jeffery,Morales,osbornejacqueline@example.com,CmX!6Tn0,1987-06-23
Angela,Moore,nrollins@example.net,%!7VM0)d,1997-07-12
Lauren,Young,mary39@example.net,^6^I4qx5,1984-12-23
Wayne,Smith,deannaflores@example.net,l#7F5RtC,1963-09-23
Danielle,Johnson,robertsjames@example.org,@U9G!Ceq,1993-02-23
Natalie,Macias,nicholas51@example.org,)Dt0Tj*p,1996-01-13
Karen,Terrell,bsantos@example.com,_mdR2xFu,1987-07-22
James,Jones,simonmary@example.com,&4qPaj7o,1972-04-01
Sonia,Harris,mdavis@example.org,)3tBiZ^H,2004-02-14
Michael,French,kennethpowers@example.org,$4mXBhty,1988-09-09
Laurie,Duncan,ahicks@example.net,)17X#4*c,1971-04-05
David,Montgomery,christopherthomas@example.com,Jr#e8nIt,1977-05-14
Christian,Adams,megan66@example.net,u#208C+w,1964-08-14
Natalie,Gonzalez,andrea82@example.net,&OEv7USy,1993-06-07
Nina,Simmons,nowens@example.net,*b+29Xmz,1968-02-03
Jose,Brown,yreed@example.com,a$c6IpxF,1984-12-02
Melissa,Sweeney,brianmassey@example.net,Y_1Q7eCb,1973-09-09
Susan,Washington,makayla53@example.org,BnX!1PcE,1970-10-16
Joseph,Evans,hahnlisa@example.com,IuZ!i4Py,1967-09-06
Joshua,Griffith,rodriguezjohn@example.com,M+1ZAdxd,1963-11-22
Laura,Johnston,cfitzgerald@example.net,_&t3O+_e,1995-05-22
Amanda,White,jill65@example.net,$5BN#Iq#,1974-05-09
Kyle,Jones,danielle29@example.net,W1_2U!yq,1967-06-28
Mallory,Farrell,jporter@example.net,!3aZMCkf,1984-12-20
Mary,Wilson,brandipearson@example.com,j%BQ3LkI,1975-11-01
Patrick,Perkins,maria98@example.com,f$5ZeUAj,2000-05-07
Kyle,Monroe,bradley01@example.net,)4RG7)$v,2000-08-29
Kevin,Sexton,fosterpamela@example.com,^(3Ma4S_,1982-05-06
Lauren,Lewis,morenodaniel@example.com,&4DT8ujk,1974-05-25
Michael,Koch,taylorheather@example.org,$fI9NznW,1966-01-05
Megan,Jordan,brianaustin@example.net,x$0!1%Jo,1969-04-08
Alejandro,Foley,joneskaitlin@example.com,n+2HGicO,1965-01-29
Katie,Holland,jeffreyphillips@example.org,+3Mgalco,1996-05-15
Anthony,Wiggins,alexandra46@example.org,%39geYtx,1974-12-17
Edwin,Castaneda,david92@example.net,_9^Rvw7o,1966-09-13
Gabriel,Turner,qnash@example.org,N&$8QUfg,1977-02-20
Eric,Phillips,jessicasanchez@example.com,J$Ir8T*d,1967-06-16
Sheri,Gonzalez,jwilliams@example.net,sm*8A1p_,1996-08-30
Joseph,Martin,nwilliams@example.com,^7@wgHMl,1986-01-10
Jack,Robinson,sharrison@example.org,G##0MJ+d,1998-09-16
Christine,Collier,lindseyblake@example.org,gD*0G4iq,1965-07-07
Cassandra,Bridges,aacevedo@example.com,&0VRzKhJ,1980-06-04
Kelly,Foster,tyler97@example.org,#9DtEF7o,1988-12-11
Wendy,Smith,martinezseth@example.net,&f2A3*nr,1992-05-20
Dwayne,Hicks,tracymejia@example.com,j_K5FTb!,1971-01-30
Jaclyn,Moore,crystalshelton@example.com,5#35Im0B,1981-12-24
Jesse,Anderson,curtis64@example.com,E*5S$N(t,1983-06-22
Christina,Bradford,pmoore@example.org,$h1*9Uqr,1983-02-06
Marc,Morales,yolandajohnson@example.com,BPs_2A0p,1997-08-01
Sylvia,Perry,weeksmary@example.com,g9H5*6Za,1980-11-08
Jerry,Burgess,kwells@example.org,KA+F!3Av,1985-08-26
Shannon,Cisneros,dorothysmith@example.org,yL#qy1Yw,1968-08-05
Joseph,Williams,weberkyle@example.net,P&6ILIxj,1988-07-24
Wendy,Jackson,zsmith@example.com,@5SY8dIz,1983-06-05
Toni,Serrano,henry66@example.net,#KPj5rDt,1970-03-29
Lauren,Anderson,tylerduncan@example.org,U$y8r@Zk,2003-02-15
Michele,Mitchell,sheila31@example.com,#2Eg^q$2,2002-05-28
John,Jenkins,richardchoi@example.org,9n!2H_nj,1973-02-13
Christopher,Shaw,davidkyle@example.org,@H@r!0Pr,1983-07-21
Erica,Wong,vturner@example.net,@6fT*vkk,1984-11-24
Brenda,Vaughan,hudsondennis@example.net,Q+1fY5yr,1969-10-13
Kathleen,Williams,poncesharon@example.net,tEe+9JUy,1974-09-09
Jorge,Williams,david35@example.org,!B81Umzk,1981-05-13
Michael,Wong,cglenn@example.net,+Y6K&zmI,1968-10-20
Christopher,Wilkins,rachel86@example.net,IDz&7tUs,1974-10-21
Sarah,Edwards,bglenn@example.com,&0NnilZd,1985-01-14
Thomas,Gilbert,williamsmatthew@example.net,+khm5^Vc,1975-04-30
Melanie,Mueller,marychan@example.org,S*5!5nDz,2003-11-01
Robert,Simpson,lcoleman@example.net,^5J3lGm1,1971-01-07
Jennifer,Pittman,ljimenez@example.org,%8(ILwS_,1974-04-07
Kelsey,Nunez,pgoodwin@example.net,6+0a5_Pj,1965-01-01
Angel,Willis,fmorris@example.net,&19LlUIx,2004-02-19
Manuel,Mcdonald,andrea32@example.net,*4Ho@Y#m,1973-03-30
Nicole,Hernandez,bclarke@example.com,^8AObQt^,1988-03-14
Veronica,Schneider,jeffrey07@example.net,+#4EQ7f@,1981-03-26
Christopher,Gilbert,martinezbenjamin@example.com,!S*7UCba,1969-11-13
Mandy,Adams,whitneykevin@example.com,@6kZv*u^,1964-04-20
Matthew,Davis,rhonda21@example.com,YS&C9CCg,2000-08-03
Robert,Taylor,mcbridesamantha@example.net,G9*s9ZRt,1969-10-05
Barbara,Golden,martinmark@example.net,$l8TGjxl,1988-09-08
Jessica,Edwards,muellernatalie@example.net,#K6v7VwQ,1995-05-17
Andrew,Le,stephanie72@example.net,YO*1Cv0d,2002-12-02
Mary,Villarreal,zbrown@example.com,*!(R5B(k,1969-07-21
Vanessa,Jones,smithcatherine@example.net,V*6QULej,1987-09-16
Margaret,Cole,ethanpayne@example.com,^1ZAEUxi,1982-02-28
Joann,Stevenson,ayates@example.net,p$2I8xKN,1987-06-27
Anthony,Perez,ytaylor@example.com,x+f2EKab,1983-05-18
Matthew,Clay,qgomez@example.net,K_b6%QUz,1978-08-17
Daniel,Hancock,tiffany44@example.com,_wIM7FfV,1989-12-15
Jacob,Avery,humphreysusan@example.org,)O00DzC1,1977-08-17
Anthony,Gill,gregory19@example.com,Gm*T8MRz,1989-03-16
Donna,Neal,gcummings@example.net,*7PZ!g$A,1976-07-27
Annette,Hicks,margaret22@example.org,Ga&%f2Wu,2003-09-02
Diana,Little,kathleenmiller@example.com,@%1hDdc),1973-10-31
Adrian,Spencer,jessicacook@example.net,QE$9vWlw,1987-08-29
Adam,Armstrong,jwilliams@example.org,Fg+2SN&h,1984-08-02
Andrew,Pollard,bschultz@example.net,w&7WdCwt,1988-06-14
Jeffrey,Lamb,mgonzales@example.net,$6bR3NbI,1981-03-01
Allison,Cook,wallacelaura@example.com,_9!F(GgA,1983-01-22
Sarah,Patterson,wphillips@example.com,+G7BDKlc,1969-09-25
Michael,Taylor,humphreyjennifer@example.net,9@0Vnw&H,1991-04-17
Victoria,Washington,stacey89@example.org,%T)1%NSa,1968-01-27
Eric,York,msparks@example.net,N+8y4HEt,1989-09-05
Lisa,Morales,rriley@example.com,&5PDlwa6,1998-01-24
Debbie,Harrison,brianathompson@example.net,6R$&4F4w,1978-10-17
Brian,Mcclure,robertwilliams@example.net,)yFe7qJe,1998-03-02
Laura,Reed,cooperstacy@example.com,*#Nv3Tzn,1968-03-12
Ryan,Phillips,bferguson@example.com,@@8HJvJB,1994-01-16
Diana,Armstrong,suzannecastillo@example.net,_0JSW*^i,1993-10-21
Henry,Marsh,shelbychambers@example.net,_e9(*ONg,1998-01-20
Christopher,Hamilton,mosleyrichard@example.net,nJ!1R!s8,1963-03-16
Cathy,James,daviscrystal@example.com,rka+6Dob,1988-08-20
Brandon,Bradley,ymartin@example.com,&25$UPIj,1991-01-15
Kyle,Wells,glopez@example.net,l%@1uRom,1969-05-28
Pamela,Hopkins,welchtravis@example.org,%9TXq&so,1971-08-10
Hannah,Phelps,jennifer51@example.org,&1+9V4Gi,1964-02-05
Charles,Malone,jcox@example.org,d&8OLXdw,1972-11-24
Rebecca,Rodriguez,gibbsheather@example.com,%0fMOTsj,1969-08-02
David,Baker,buckleyalyssa@example.net,@0CdvDQu,1981-02-08
Caitlin,Parker,monica42@example.org,!4sHo1q+,1992-11-21
Rhonda,Guzman,bryantmichaela@example.org,@v8(FUd7,1987-09-30
Anthony,Chan,irwincarla@example.com,^R)5D3ke,2004-02-05
Melinda,Solis,alexander75@example.net,+V2)D(as,1995-09-29
Brian,Crawford,charles84@example.org,%(8rDz#(,2001-11-26
David,Williams,wilsonmichael@example.net,@_Z65dUq,2005-02-01
Jackie,Riddle,collierjeanette@example.org,aW!7FldP,1973-02-22
Sara,Pearson,peterunderwood@example.org,*$5ZcwLf,2001-01-21
Debbie,Miles,belindaodonnell@example.net,$n4W27Vo,1992-04-02
Monica,Lopez,holly04@example.com,F%yl7Hol,1991-12-04
Tonya,Robinson,parkerethan@example.net,1I#3KGt&,1966-05-29
Melinda,Rodriguez,vincentcain@example.net,!5QWCe%a,1966-08-30
Elizabeth,Johnson,brandy62@example.org,Wp#4FudW,1986-07-24
Barbara,Brown,cuevastina@example.net,i@Bu4iQg,1996-01-02
Kimberly,Sims,shepardjane@example.net,!0GqBFij,1983-08-22
Bonnie,Gordon,michael85@example.org,ax)4!Ohk,1998-12-19
Jamie,Myers,williammcbride@example.org,$r2I5Npo,1972-06-12
David,Edwards,skinnerchad@example.net,s)#2IW^z,1985-12-25
Travis,Rogers,lawrenceerin@example.com,r+0WvZfU,1979-01-20
Maria,Saunders,meyercharles@example.net,+%e6*7Wv,1968-07-26
Daniel,Lee,claudia73@example.org,)&3c2DDd,1995-03-07
Sharon,Jackson,janet80@example.net,^60(9UXk,2004-06-07
Jessica,Herring,uroth@example.com,Q*$3pOSk,1966-02-28
Tina,Benson,michaelduarte@example.net,E!8BYGgu,2003-09-30
Tanner,Curtis,andersonsusan@example.com,g+S70zFr,1993-04-21
Sheila,Mitchell,rwhite@example.com,+6V4FUf0,1993-12-09
Lisa,Barrett,veronica48@example.org,5#&m6vGs,1993-06-15
Benjamin,Rios,tyler17@example.org,e_S9LVa2,1962-11-30
Gregory,Brooks,stephanieevans@example.net,!3N&B!lz,1971-01-21
Jeffrey,Burton,sophiasingh@example.com,(wKvf8Mb,1990-04-07
Thomas,Mccoy,mhorne@example.net,l@R0G+zp,1991-03-02
Julie,Chavez,jacobrogers@example.org,$d6hC(rs,1988-04-08
Diane,Morris,whitneyyvonne@example.com,*6p9MZvm,1967-05-21
Margaret,Johnson,waynethomas@example.org,(R2RQI_k,1982-02-12
Cheryl,Parsons,ycarroll@example.com,%8%8D#Yy,2000-02-28
Robert,Duke,laguilar@example.net,*6LXEdhN,1997-06-24
Joshua,Walker,norrisjeffrey@example.net,dRl!0jPi,1963-08-02
Stephanie,Rivas,katherine89@example.org,L&h1ZRn^,1989-07-27
Alexandria,Grant,isolis@example.net,y8!T2vOz,1990-01-04
Wendy,Moran,kelli52@example.com,DU3%7Yz&,1978-11-11
Brian,Williams,twagner@example.org,$@6DdcG$,1996-05-23
Taylor,Smith,stephaniebrandt@example.com,v$9H4kdm,1994-03-03
Teresa,Gomez,ipetersen@example.net,+fx5UfYq,2004-08-06
Nicholas,Sawyer,jgalloway@example.org,Q+87SRSr,1971-04-04
Donald,Wyatt,cobbjerry@example.org,%u$7G2Dm,1999-10-31
Jill,Baker,scottkelly@example.net,_7HJWV^c,2005-03-22
Sara,Bates,dwilson@example.net,+5jnAkXc,1993-01-03
Bryan,Wong,bbrewer@example.org,&8pN&Qxt,1963-03-14
Dustin,Watkins,chrisjohnson@example.org,w3_K^6Ih,2004-06-16
Brittany,Miles,pbradshaw@example.com,+204QF1a,1984-11-20
Johnny,Robertson,hbriggs@example.org,#^F3DzP#,2001-06-05
Christina,Parker,rsmith@example.net,v&50S@Ek,2004-05-02
Connor,Hebert,mathew83@example.org,1h*M2Tpl,2001-08-15
Brian,Rodriguez,bsnyder@example.org,!Y5gFmhm,1988-06-10
Michael,Watts,kayla62@example.org,_5sC06Hh,1987-03-05
Donald,Taylor,caitlinjuarez@example.com,G%U5OExd,1995-09-02
William,Nelson,ulloyd@example.org,^M2bP(wb,1987-06-27
Denise,Foley,fcrawford@example.com,6!2BeWzZ,1970-04-19
Michelle,Malone,stevencampbell@example.org,$(3kDtLa,1987-12-31
Corey,Johnson,robertmartin@example.com,$!_0QjCn,1984-10-04
Linda,Watts,patriciajordan@example.com,$%zD0@Vf,1983-03-11
Jesse,Castro,jose21@example.com,I$43TnjB,1995-10-17
Earl,Trevino,ortegaevan@example.org,!46JsWtx,1983-02-23
Steven,Johnson,jamesgreene@example.net,_we9Jk@N,2004-11-23
Alan,Jones,william76@example.com,*S1Fypv_,1988-02-06
Kristie,Williams,owensteven@example.com,%t7C(W)z,1979-03-08
Jeffrey,Parker,jamescooper@example.org,E_0@IqWk,1975-06-20
Destiny,Cisneros,andrew40@example.com,p@8ByNiE,1978-11-10
George,George,ngarner@example.org,^5OsFdup,1994-05-03
Andrew,Ellis,christopherstevens@example.com,&M3dFkd&,1991-03-31
Lori,Williams,eric35@example.org,n(3FaF*t,2003-11-23
Jacob,Martinez,cynthia92@example.org,*1jBPb(r,1995-09-01
Kelsey,Turner,jonesamanda@example.org,ky4^@4Zs,1964-10-30
Justin,Carter,smithluke@example.com,A_vJu1Kh,2004-04-27
Barbara,Anderson,brendaowens@example.net,u&9YTLKa,1987-05-29
Matthew,Silva,gregorylang@example.net,_aLOy5We,1966-07-13
Tammy,Munoz,margaretrodriguez@example.net,)8U$Mla0,1985-06-17
Nicole,Haas,timothypayne@example.org,f+c7)Q3e,1978-10-11
Melinda,Murphy,allisonjones@example.com,IKM_9Lai,1970-02-23
Ann,White,lucasjohnson@example.net,)2T#lHiy,1978-05-23
Michael,Richards,graydouglas@example.net,^1ZuwMPV,1977-03-23
Michael,Romero,scottcunningham@example.net,$DGn88Xo,1983-10-27
Marie,Morales,browndevon@example.org,_@7BgpDT,1994-11-06
Joseph,Bullock,rhodesgary@example.com,(9UFuwi_,1966-10-17
Noah,Baker,pamela96@example.com,bOc)7Mop,1967-05-27
Peter,Powell,victoria68@example.org,)4M*nrc_,1980-10-30
Rachel,Harvey,brandongomez@example.org,!9L0^+ds,1968-10-15
Michael,Knapp,jeffreyhudson@example.com,+E4wIrQr,1969-03-02
Karen,Roach,johnsonkathy@example.org,%I!4Otfb,2000-04-30
Gregory,Alexander,torresjohn@example.com,&6Xe^Hyn,1986-06-03
Marc,Davis,christine62@example.net,JJT)1Omf,2004-12-23
Michelle,Jones,vmunoz@example.org,8%d44Y&e,1998-03-23
William,Brown,katiegeorge@example.org,*8VmzYPz,1994-11-03
Jacob,Kline,mfitzgerald@example.com,@)2PVwBO,1988-04-05
Timothy,Crawford,bobby15@example.net,)!6pJuMu,1973-04-25
Joshua,Long,hfrazier@example.com,X#3Utyt2,2004-11-15
Stacy,Maddox,patriciawashington@example.net,#D$64HRq,1965-05-19
Janet,Parsons,leejohn@example.net,@6*Sdxa6,1974-12-03
Yolanda,Mitchell,zharmon@example.org,LAW+8K+k,1970-04-21
Jessica,Coleman,janice97@example.com,@8YL$jDc,1987-07-17
Joanne,Mitchell,donald18@example.net,&_!b4eGv,1993-01-03
Joy,Ward,ifrancis@example.org,G@*5(PGt,1972-05-01
Kyle,Clark,jefferyharris@example.net,vlv#80Xd,1972-01-11
Cindy,Mullen,manningrebecca@example.net,&&n5Mk#o,1969-02-12
Adam,Bryant,ishaw@example.com,(31GFGfo,1992-08-16
Natalie,Sanders,michelebender@example.com,%#0hHp+u,1981-11-05
Debbie,Hodge,jonathanallen@example.org,NwR)8Z)t,1977-11-03
Corey,Patrick,cody50@example.com,vP%US5Iy,1986-09-12
Darrell,Torres,tmerritt@example.com,zHt#4cHh,2001-06-13
Stephen,Schneider,foleyjacqueline@example.org,JA$0DumR,1972-04-05
David,Galvan,powellamy@example.net,!3V9KEu$,1975-07-13
Alexandra,Brown,christinegreen@example.org,QM^6YnIn,1988-08-13
Nicholas,French,parksdavid@example.org,^7g$7Col,1996-05-31
Diana,Deleon,dickersonjacqueline@example.net,G+7X*OYr,2004-04-05
Stacie,Tran,jacobscameron@example.org,@U_m3FSc,1989-11-04
Miguel,Wood,ctaylor@example.org,i!gq5Vhj,1968-01-24
Courtney,Ray,palmerjeffrey@example.org,!rfQ1Uuj,1989-03-11
Mary,Mckinney,denise47@example.net,x#31Ycco,1976-09-25
Mark,Higgins,john49@example.org,$7Bnd6hY,2005-03-12
Jason,Griffin,rachel98@example.com,$9GdHpD_,1990-10-25
Stephanie,Sanders,lisa19@example.net,c)1yiWia,2001-10-29
Kayla,Smith,johnsoncrystal@example.com,nd#2Fm)d,1982-12-04
Matthew,Pierce,ericwhite@example.com,9!18qI%w,1970-05-12
Jeffrey,Herrera,cmartinez@example.org,ZK$QQ7Jx,1999-10-05
Megan,Stephenson,trose@example.org,eS$08nSe,1974-07-02
Charles,Moreno,chambersedward@example.net,(xo8XhkH,2000-08-27
Katherine,Alvarado,coopersteven@example.org,*7aWOc&Q,2004-05-15
Willie,Wallace,harrisemily@example.org,i)Vy6D^v,1978-09-22
Amy,Thompson,jeremy35@example.org,%^&I5qKd,1998-03-17
Matthew,Smith,timothybarker@example.com,%13Mq7NL,1983-01-13
Sharon,Peters,bjohnson@example.net,^b8FHJgz,1997-04-10
Megan,Morris,hayesanthony@example.org,eZ+T7J0m,1978-08-18
Christina,Lopez,david46@example.net,9%#0&MOr,1964-10-29
Danielle,Park,vclayton@example.com,$(D1%IYq,1983-04-19
Teresa,Chen,kathleenhill@example.net,J%n0Mh&@,1995-01-23
Nathan,Price,jmills@example.net,A!h%9Nit,1980-09-15
Emily,Moyer,elizabethwagner@example.com,%46HCrad,1988-09-01
Susan,Rhodes,amyjones@example.com,W(h39NWx,1979-05-22
Justin,Woods,tonyawhite@example.net,+4DdJd$^,1987-05-03
g,Mitchell,hernandezbenjamin@example.org,_9Phh*1Y,1984-10-28
Heather,Williams,mowens@example.net,^f8UvRff,1995-07-02
Ryan,Lopez,yolanda42@example.com,c#%&8OjP,1993-03-10
David,Curtis,woodvicki@example.org,@UA2G+Ma,1990-05-11
Kristi,Mullen,maria50@example.com,&%7NuRtw,1972-03-19
Paul,Barajas,mbush@example.com,*8yeSP!z,1991-04-08
Mary,Frederick,teresadurham@example.org,($R4MSTt,1964-06-14
Kyle,Green,davenportkeith@example.net,!3E5BNLl,1989-05-15
Joshua,Wong,awilcox@example.org,R@T7%XJp,1999-02-09
Darlene,Vargas,annamullins@example.net,G@6BsYU(,1963-11-11
Mary,Turner,ltaylor@example.net,(E61L5h8,1986-06-14
Rebekah,Beard,boydsharon@example.com,4$0Y#Ush,1990-10-30
Gregory,Peterson,isaac52@example.org,_2x_$OUn,1977-10-11
Chad,Jones,mollyreynolds@example.net,3@Y6K1iz,1993-01-22
Jennifer,Santos,nicholas57@example.net,&Mn3wQTc,2003-04-16
Kiara,Porter,racheldiaz@example.org,U)ML3hPl,2003-03-29
Kimberly,Jackson,jennifer12@example.org,c@3($Asi,1982-09-28
Courtney,Townsend,georgegeorge@example.net,6b$5lSaQ,1964-12-01
Natasha,Stephenson,michaelhill@example.com,1K9^t5Jm,1973-03-10
John,Ward,omartate@example.org,ID%4rBl+,1984-06-27
Brett,Thompson,nhogan@example.com,JJ*9JeAo,1970-05-29
Kaitlyn,Boyd,madeline12@example.org,P@9(VRwk,1987-03-05
Jessica,Harris,youngrebecca@example.com,j*36TGcC,1987-06-02
Rhonda,Brown,charles88@example.net,!#7Wh12H,1999-12-03
Jessica,Taylor,willisbobby@example.org,&#N1X3Bx,1983-11-10
Angela,Dean,sheltonkara@example.com,@jfkK0Dr,1977-10-22
Cody,Barnes,lewissarah@example.net,r_(6UHVw,1991-08-01
Wendy,Martin,anthonyvilla@example.org,&2BDQQe+,1970-03-03
Edward,Brown,smithdawn@example.org,^O06KkhS,1969-03-29
Kathy,Holder,alvaradolisa@example.org,!1FRvuoe,1968-11-27
Lisa,Miller,kimberlycabrera@example.org,o#)@S3Eh,1995-12-13
Douglas,Lee,tmclean@example.net,!6D5RCBt,1986-02-20
Brenda,Smith,opalmer@example.com,0)*55Aju,1979-01-07
Patricia,Cox,kelly22@example.com,@$9IbKAE,1989-03-26
Yolanda,Garrison,brian61@example.net,_8G%wSiL,1977-02-24
Tanya,Swanson,joe73@example.net,u+0Wen6j,1974-03-22
Timothy,Harvey,williamsjeffrey@example.com,y$A1mC0m,1973-08-25
Debra,Ortiz,xhester@example.org,AyE@8+Ts,1964-05-17
David,Jones,bondjared@example.org,K@6XwcQo,1985-10-07
Cole,Burton,tammythomas@example.com,)5K6)hG@,1962-10-31
Debra,Booth,omar01@example.org,$2gX1NDk,1980-11-18
Misty,Johnson,ethan85@example.com,!T3PEFLi,1987-09-15
Monica,Kirby,waltersmall@example.com,B&$1QhyC,1969-09-01
Charlotte,Williams,snowwilliam@example.org,f#4FA)Qf,1987-04-21
Alexandra,Stephens,troygarrison@example.net,^91jlOpz,1975-08-21
Julie,Young,wallacereginald@example.net,K^ipy0Js,1969-04-28
David,Moss,griffinkeith@example.com,(rFlh6Fh,2002-04-03
David,Lin,cscott@example.net,R!V_6cRm,1993-06-14
Thomas,Thomas,williamsjustin@example.org,$3vQoya7,1982-09-26
Kelly,Smith,ericmorales@example.com,Eq)M5cDm,1975-11-23
Megan,Green,valenciatyler@example.net,A&2NqU*h,1977-01-01
Dale,Hernandez,lisa85@example.org,#N%g5WXy,1970-02-07
Brenda,Garrett,lbarnes@example.net,x*N@Q5El,1989-01-04
Katherine,Martinez,sarabrooks@example.com,$Z2QY_9e,2001-03-25
Henry,Jimenez,christopher31@example.org,d!0BRSJy,1999-11-04
Lori,Olsen,markkelly@example.com,#^3AcneP,1964-12-20
Tracy,Davis,moralescrystal@example.org,^%7IbF^e,2004-12-03
Darren,Young,beardtravis@example.net,+7KOj0q9,1980-07-05
David,Meyer,coxvincent@example.org,(db1ETqz,2005-02-10
Gerald,Ross,ymorse@example.org,a^no^1Bb,1990-10-03
Joshua,Mcdonald,silvamichelle@example.com,c*Jlx1Ca,1995-08-18
Adam,Browning,omoore@example.org,(^q3JFeO,2003-05-31
Jimmy,Wong,theresa14@example.org,+G&8yGJj,1980-02-07
Morgan,Buckley,tiffany10@example.com,*R5PKNUt,1979-09-30
Crystal,Palmer,jeffery53@example.net,+ZAfr5Nj,1989-05-09
Melissa,Dunn,brownandrew@example.org,+F5imzXo,1997-11-14
Darren,Merritt,jameswest@example.com,f)HR9OVu,1983-05-26
Lisa,Lee,travis73@example.net,aBN!3AtI,2004-04-21
Zachary,Jones,caitlin67@example.org,m%6QlRNw,1972-12-23
Nancy,Allen,savageandrew@example.com,R(2L9G8j,1992-12-11
Melody,Johnson,jeffreywhite@example.net,)6gZkEu),2004-10-08
Brian,Williams,oliverjustin@example.org,%+p4V^Sp,1978-02-01
Matthew,Moore,zimmermancarrie@example.org,@K4NVlK$,1963-10-24
Kristen,Rodriguez,penningtontracy@example.net,6U&%4Uvw,1981-06-19
Taylor,Randolph,karenpage@example.org,$Whb1Gp*,1998-07-01
Jesse,Marshall,teresa10@example.com,^5OrE&Qg,1988-06-04
Kim,Russell,jacoblutz@example.net,(0)4GnTw,1968-05-02
Lisa,Esparza,steven80@example.org,C_493Yx9,1968-09-10
Robert,Herrera,aharris@example.net,g*!s^2Vg,1969-08-07
Stephanie,Davis,sherry88@example.com,!A1&Ki3b,2003-09-18
Christina,Mcclure,iproctor@example.com,Gc#5HyKB,1963-08-10
Madeline,Mcdonald,adamcollins@example.org,g+087LSh,1982-08-14
Kristen,Fuller,sarahsanchez@example.com,jWd^1M$x,1978-10-30
Stacie,Maynard,munozdenise@example.com,6%83TavK,1989-02-04
Joe,Smith,coxelizabeth@example.com,jO%8o+Wq,1970-02-21
Emily,Taylor,tashajacobs@example.com,x_wX0Yp4,1983-08-08
Erin,Christensen,wrichards@example.org,%7aZaYcG,2001-06-06
Katelyn,Hernandez,mcintyrerobert@example.org,(h+0#APf,1990-12-21
Joseph,Mora,tsmith@example.net,#$m5X3yb,1994-04-03
David,Benjamin,david59@example.org,U!Dck5Mh,1982-01-20
Stephen,Bennett,gutierrezrebecca@example.com,^3WJdnv8,1996-10-22
Adam,Holmes,jessica98@example.org,l#4CHlcF,2002-01-13
David,Barnes,lowesarah@example.org,)0uByG5h,1964-02-18
Nathan,Wright,garciakevin@example.org,i@6K&nLx,2005-04-01
Natalie,Reeves,ericabowers@example.net,(gQa8sCd,1970-07-21
Ryan,Rice,jared98@example.com,X)0Fl8Li,2001-04-10
Bruce,Arnold,courtneyvincent@example.org,+1^avTdb,2000-06-19
Matthew,Taylor,imoore@example.org,@B6MDk1#,1973-12-26
Tonya,Campbell,maryrusso@example.net,$7ISMAtG,1992-03-22
Gregory,Jordan,pmatthews@example.com,s$Hs7+Eb,1969-06-26
Jennifer,Mitchell,kristina36@example.net,2$$r3Mej,1997-08-01
Hannah,Preston,roymcintosh@example.net,&!J1EuWL,1987-03-18
Richard,Watson,desireebrown@example.com,^9RLfdKh,1991-10-27
Robin,Adams,tiffanywood@example.net,!e8FbFl_,1965-11-07
Melissa,Hansen,peter31@example.com,)@9HUVpl,1975-12-21
James,Smith,hturner@example.net,K%9nHhqf,2001-11-23
Ian,Jones,jonathan76@example.org,!30h5Yre,1983-01-29
Kevin,Adams,hgutierrez@example.net,L!T^0Pyw,1978-03-06
Melanie,Nelson,danny93@example.org,$75Va9zr,1976-11-19
Brian,Hoffman,amy01@example.com,_22L5Shx,1965-11-07
Ronald,Jacobs,jaime20@example.net,9&)9KVj&,1986-09-08
Christopher,Daniels,lfowler@example.net,BE)7XKqG,1974-08-19
Evan,Murphy,gatesjordan@example.org,*3N9nJPk,1967-06-13
Sharon,Richard,jeffery34@example.org,&)6dFe*j,1982-09-15
Robert,Whitehead,rebecca22@example.com,S*+j6Kus,1993-10-29
Morgan,Caldwell,xsullivan@example.org,kZ0q%5Wn,2004-03-22
Michael,Hall,courtneyjohnson@example.org,p^0xH&Vh,1985-09-07
Allison,Rice,audrey44@example.com,@Oxi2Dj@,1989-09-26
Stephanie,Armstrong,sierragraham@example.net,%2LuPq&0,1982-02-24
Lori,Day,amanda61@example.org,Q(gX7Nmp,1976-11-21
Emily,Dixon,nathan18@example.net,(01wTkz9,1968-03-27
Kelly,Diaz,saundershector@example.net,o_K6OfKl,2000-02-08
Andrea,Chapman,daltonjessica@example.net,ZewX_6Fg,1995-06-19
Kathryn,Taylor,matthewsjoseph@example.net,E&533HPk,1964-10-18
Michelle,Roberson,renee48@example.org,n#5KQ85k,2003-08-05
Donna,Johnson,pricenancy@example.org,(8S8Qoya,1994-12-12
Melinda,Harris,rhondafernandez@example.net,V@j#5Fls,1980-02-29
Jonathan,Ellis,christiankimberly@example.net,()A21zDu,1964-11-20
Courtney,Noble,millspaige@example.net,!8xHEq^a,1996-05-13
Blake,Williamson,hking@example.com,eA*0R9Xt,1993-05-14
Ashley,Austin,wilsonandrew@example.com,1#3WittI,1965-02-22
Ian,Bailey,youngfelicia@example.com,+3LNcexw,1985-07-06
Leah,Taylor,gutierrezmegan@example.org,%7QIdQBu,1982-10-04
Mark,Miller,jennifer39@example.org,a+_3AKqA,1999-11-05
Gail,Alexander,dharrison@example.org,(E84Ki#r,1962-12-08
Crystal,Simon,matthew79@example.com,H@z+i8Ye,1994-11-23
Casey,Stewart,anthony80@example.net,!n$$1F4m,1984-08-14
Susan,Jacobs,kirkjulia@example.net,4@*4Jzem,1997-03-22
Krista,Miller,gonzalezdwayne@example.com,&mgn1MPx,1986-01-21
Laurie,Cook,glennchristopher@example.com,*R&9WiOw,1989-09-22
Jacob,Alexander,collinsalex@example.org,(o3f5Tb),1967-11-22
Kyle,Herrera,tmendoza@example.com,D#L3Cd#x,1983-04-23
Jason,Graham,tylercarroll@example.net,INh&5BtC,1991-06-06
Pedro,Kim,hammondjuan@example.org,%LB3INl$,2002-09-28
Carlos,Jones,ray33@example.net,)D4MRaqB,1995-02-11
Caitlin,Hernandez,uleonard@example.org,_9GW#(ds,1969-08-16
Derrick,Johnston,nathannavarro@example.org,*rF+95Lq,1996-09-21
Phillip,Rush,opotter@example.org,%%)N6Dxy,1995-03-21
Jessica,Taylor,hudsongeoffrey@example.net,Z_8@RmzL,1975-12-15
Nathan,Meyer,shutchinson@example.net,Vg$s7FiP,1972-05-16
David,Tucker,bshort@example.org,@@6*k3Yh,1965-05-16
Erica,Williams,yyoung@example.com,_y2CRHxW,1996-11-04
Jessica,Griffin,amyyoung@example.net,4w*q0Ibl,2003-10-22
Melissa,Fox,jonessandy@example.org,Y0^6tGss,1963-07-14
Carl,Smith,daviskelli@example.com,$C@8MXxv,2005-01-03
David,Acosta,susanmiller@example.com,)tX9Oc*v,1963-10-15
Taylor,Miranda,derricksingh@example.org,_f34LmuU,1966-08-03
Timothy,Gonzalez,ann58@example.net,_+93Ok0m,1982-02-10
Cynthia,Wilkinson,charles52@example.com,)JBb5Dtj,2003-05-11
Andrea,Rosales,rochastephen@example.org,77*u5AcM,1992-01-26
Billy,Velasquez,kmartinez@example.org,P@8Iczm8,1998-08-26
Cody,Harris,jessicaevans@example.org,W$4t&QBz,1983-03-16
Andrea,Murray,maxwellandrea@example.org,&4%MhWZj,1988-09-11
James,Little,christopher53@example.com,&36AQ@tw,2005-02-18
Louis,Johnson,michael66@example.org,6^#L1oOv,1981-05-26
Brandon,Barrett,jason08@example.com,&1TVy&eA,1966-01-10
Taylor,Hartman,pwatts@example.com,%qZ0LHtc,2000-02-14
Stacy,Hamilton,lfrey@example.net,R%7x8E#s,1966-12-03
Bruce,Sanchez,jilljohnson@example.net,(3rAgq)q,1981-06-16
Michael,Scott,jessica02@example.com,Le&1JNVu,1995-03-07
Edward,Davis,david65@example.net,Q^9WHCEi,1972-07-08
Alexis,Patterson,anne80@example.org,Gg9#5sOo,1988-03-02
Emily,Griffith,karenmartinez@example.net,)1&wJtkO,1989-12-25
Nicholas,Dunlap,xdixon@example.com,)7JzaQte,1991-11-17
Renee,Scott,paulahubbard@example.org,Fe+1FttU,1991-07-04
Catherine,Richardson,lindamcguire@example.com,w&2#hSdt,1994-03-16
Susan,Lowe,olsonjaime@example.org,r%M7VvDq,1975-11-25
Cassandra,Salinas,dawn23@example.net,2+7ZCuO),1980-02-29
Crystal,Henry,frank59@example.com,9ew%0Etv,1987-11-23
Anthony,Nguyen,robertrice@example.org,qMf&45Vb,1970-08-19
Daniel,Ingram,robinsonandrew@example.net,1)ZIR9Lk,1965-02-08
David,Jensen,huffmanmolly@example.com,(h82hDtZ,1981-04-26
Kimberly,West,mark00@example.org,2+21FdkP,2004-01-10
Brian,Conrad,vdrake@example.com,#4FEenv&,1989-05-08
Julie,Saunders,alvarezjoy@example.net,#y91A$as,1964-03-22
Peter,Tyler,ericasmith@example.com,+6nABM2z,1974-08-08
Eric,Hubbard,umiller@example.net,S@vYk0Nq,1965-04-09
Deborah,Rogers,brandon05@example.com,)j8EhUbZ,1989-03-10
Richard,Wheeler,stonebobby@example.com,@08Ar%Fg,1986-03-29
Marcus,Williams,patriciahall@example.net,z)3_Yh+v,1981-10-24
John,Smith,michelle88@example.com,xx%3P0Og,1988-02-05
Mark,Sawyer,sherring@example.com,(_14jVCo,2003-10-22
Hunter,Miranda,sandovaldana@example.org,(4wKbmQ%,1984-09-25
Michele,Jones,sawyeradam@example.org,u&0nGzhB,1994-12-16
Jennifer,Thomas,parksalexis@example.org,!)e07M9h,1987-05-24
Charles,Rodriguez,qlewis@example.org,!f8JJt%g,1973-11-04
Jennifer,Scott,charles79@example.com,KN%5OAp&,1997-03-24
Sarah,Robbins,ginapeterson@example.org,+nLO%1Iw,1969-09-25
Patricia,Campbell,derrick88@example.net,F&H1TbzT,2000-07-16
Sean,Frye,david25@example.net,!0MnZvux,1983-01-04
Samantha,Smith,mhicks@example.com,fI!^5GYv,1993-08-15
Amber,Roach,pjohnson@example.net,!8&1QVn*,1986-07-21
Jordan,Newman,john14@example.com,Qp_7GBYl,1980-08-12
Michael,Rivera,christine98@example.org,_5xPaJ2F,1974-03-07
Robert,Bennett,kelly94@example.com,*7l6f)Ox,1991-09-02
Gabriel,Bowman,jenniferwilliams@example.net,f8#Q*2Va,1991-03-30
Juan,Moreno,mwright@example.net,!_5B43Me,1979-09-16
Mary,Hartman,hwilliams@example.com,+y3^F3Pf,1970-08-13
Emma,Hayes,natashapratt@example.net,$&*f6Grb,1973-12-24
Javier,Lee,smithbrandon@example.com,G&@J9bZs,1974-08-22
Ryan,Powers,zwiley@example.net,#@b5fWah,1996-01-30
Courtney,Jones,nguyenpamela@example.net,i*68g!Yi,1987-04-24
Daniel,Saunders,alexandermarcus@example.com,#+J7JyY9,2002-07-04
Andrea,Donovan,heather22@example.com,Nu)5MIzZ,1977-10-25
Linda,Marks,cervantesjeffrey@example.com,y)2AuEK1,1973-08-14
Katherine,Baker,dnavarro@example.org,)7Uuo%G0,1993-08-13
Riley,Pace,burtonsarah@example.com,qu!2QXzq,1983-06-11
Amber,Mathis,ualexander@example.org,V(cC78Ag,1992-07-18
Angela,Hanson,leslie68@example.com,J)NQu1Dk,1979-12-12
Stephanie,Weber,hernandezjohn@example.com,)FU3bJey,1991-09-18
Kelly,Short,fitzpatrickamy@example.org,m(_Uj9Ka,1988-04-23
Elizabeth,Peterson,bowmandaniel@example.net,N*jGh0Nh,1983-05-08
April,Solomon,diazsara@example.net,S+2O0gSm,1977-09-04
Janet,Clark,owaters@example.org,!9!gKMAn,1981-03-24
Jennifer,Moody,deborahwelch@example.com,6(S7SDpV,1994-10-14
Virginia,Smith,thomasbarr@example.com,+LH18Egh,1965-10-09
Denise,Burns,cunninghambecky@example.net,S)aQ7qSx,1964-04-29
Joseph,Higgins,tkidd@example.com,MU@J2WBk,1965-01-29
Andrew,Rush,zdavis@example.org,^mF8dDlJ,1968-03-02
Dennis,Woods,coltonhull@example.com,!#0LcHXY,1997-02-14
Donna,King,taraanderson@example.org,I(N4NZd5,1975-11-01
Barry,Ward,jeremyhernandez@example.com,&V0Ru1(W,1988-02-22
Antonio,Nolan,zhenderson@example.org,5(%3Meup,1963-08-22
Christian,Walker,jason39@example.org,(2D85tmp,1971-12-28
Philip,White,leethomas@example.org,7!5YShB$,1965-01-31
Phillip,Powell,jonathan84@example.org,#^Z5WeDm,1992-09-03
Cory,Shannon,xturner@example.org,9&Ne6sZg,1962-11-24
Nicholas,Cochran,sanchezrobin@example.org,)D_1DByN,2003-02-25
Donna,Mcmahon,barkerwilliam@example.org,+8CMPEtj,1999-09-23
Stephen,Simpson,marcus58@example.com,^7WiIJub,2003-10-31
Stacy,Olson,anthonywilson@example.org,(*z3JdP+,1964-09-11
Nancy,Page,bowenlaurie@example.com,&B1hLiLm,1993-06-12
Roberta,Miles,cherylwatson@example.org,v+VF7Swq,2005-01-11
Katherine,Collins,richardbest@example.net,QLp%5UJm,1979-03-07
Alexandra,Gonzalez,igray@example.com,1(L4UpAN,1979-04-21
Mark,Roy,ecarroll@example.org,*4N@Ah+0,1986-09-10
Tina,Bolton,mgraves@example.org,OA$0X_@r,1973-03-12
Rebecca,Hall,zbennett@example.net,p+h1YWhX,1970-02-15
Eileen,Reed,castillorichard@example.org,f%8sKsv5,2001-09-24
Ashley,Bradford,wwilliams@example.org,)8xIVgo4,2002-09-25
Eric,Lambert,rhernandez@example.org,(g3^0NRw,1999-02-26
Melanie,Joseph,patrick36@example.org,@M83TjTm,1989-08-29
Aaron,Robbins,robert12@example.com,mU&E8fXh,1995-04-27
David,Moss,jessica58@example.org,+l&x4*Zn,1970-05-27
Joshua,Smith,singletonbrian@example.com,s!5JL#uJ,2003-10-18
Rebecca,Strong,kristen04@example.net,7d@JK9Rb,1987-08-08
Donna,Smith,matthew70@example.net,)7)5ZJqI,1979-08-18
Kelly,Harris,gwilson@example.net,u(W1*(Fy,1979-07-14
Robert,Drake,christopher03@example.net,+&j1NDdW,1988-01-05
Jonathan,Dawson,justin96@example.org,#04CuzGM,1976-06-16
Paul,Gray,igibson@example.com,+NH88Wty,2004-11-16
Jesse,Stephens,jessica50@example.net,DA@7J5lq,1963-09-23
David,Barnes,thomas07@example.org,Q@V0GQhO,1973-09-17
Amanda,Green,okeller@example.com,@e0K8Gzs,1997-07-14
Katherine,Ramirez,brownsusan@example.net,@o84oHKi,1988-11-10
Melissa,Stephenson,tleonard@example.net,%&*2IS5s,1983-01-01
Kyle,Washington,uwatson@example.org,_N70#Owe,1975-06-25
Ariana,Becker,pwalters@example.net,n^GUr5Ig,1997-05-29
Stephanie,Morgan,jasonbrown@example.org,@2!0IsUz,1969-09-14
Connie,Duffy,kwalsh@example.net,LJ#6DGd6,1964-03-04
Linda,Wiley,sethtaylor@example.net,_0@V6WSf,1972-08-17
Rodney,Thomas,wbrown@example.org,%5ZehM$c,2000-04-18
Alexa,Sanders,cchavez@example.net,_7t5WeLm,1991-11-16
Allison,Sanchez,zking@example.net,n#5HFssS,1987-02-17
Joshua,Ross,deborah45@example.org,F2S(2hAa,1991-03-28
Caitlin,Love,brian10@example.org,$0cW^eGj,1968-02-29
Michael,Ortiz,bcamacho@example.net,n(g6U9eX,1983-11-25
Paul,Cross,xzimmerman@example.net,@Eb4ZPjt,1991-05-03
Keith,Smith,jack90@example.net,&aIk0B7g,1985-11-24
Derrick,Dunlap,john51@example.net,2@71@Iv5,2004-12-05
Kayla,Durham,frogers@example.com,*1mZPxa3,1983-11-20
Elizabeth,Young,cberry@example.org,%94N4Hl#,1963-06-04
Rebecca,Wells,gonzalezphilip@example.net,%6f8sZr0,1970-01-11
Emily,Valenzuela,gregorycarter@example.com,*A6ZnACc,1995-07-11
Marc,Gutierrez,pkim@example.net,(x(49RKo,1978-09-07
Melinda,Copeland,diane25@example.net,3)G6i!Vt,1985-05-17
Elizabeth,Williams,upark@example.org,G$y#)0Ew,1967-11-14
Joshua,Brown,shawn34@example.net,&2Pa6ebq,1963-03-01
David,Webb,hintoncheryl@example.net,+7GWxtFB,1995-03-09
Dean,Gill,jasonwilliams@example.org,w(@8wOKc,1994-03-15
Tony,Murray,dolson@example.com,(7CB$kza,2000-01-05
Lisa,Le,xmorales@example.org,5@B4^GOx,1966-11-24
Michael,Stephenson,jcolon@example.net,I)3Uq5+a,1964-04-03
Latasha,Lewis,colleen34@example.com,J)hx4S8o,1994-03-30
Anthony,Jackson,hannahcross@example.org,^3M5UN*a,1965-09-08
Barbara,Lang,saragonzalez@example.org,M@2Qfg4$,2004-10-08
Shelia,Bernard,brooksshawn@example.com,K^G8VANt,1965-07-24
Alicia,Mcdaniel,browntasha@example.org,BZ8$3Me2,1978-04-20
Thomas,Hull,gary14@example.org,@2hqFRgc,1996-09-14
Daniel,Foley,jose84@example.com,6^#8E8o2,1978-01-24
Nicole,Johnson,johnsonkimberly@example.com,#$T9AuZr,1991-01-22
Michael,Perry,butlershelly@example.com,^$m7QzRf,1981-02-11
April,Bowman,vargasscott@example.org,!Bz3CU5g,1981-06-02
Jennifer,Jones,tammy27@example.org,)N4POdQb,1979-01-25
Michael,Rice,dwatts@example.org,(N+w98Bj,1966-01-29
Joseph,King,sylvia68@example.com,%26WkKyH,1966-09-24
Stephanie,Jacobs,josephchapman@example.net,y!1Nxk3m,1975-09-19
Jennifer,Clark,anita36@example.com,&&6hBSaM,1965-02-17
Emily,Garcia,ashley25@example.org,++8FKPij,1965-05-25
Mark,Taylor,leeschultz@example.com,_5uHgSvj,1970-01-31
Samuel,Ibarra,michaelolson@example.net,K&13EIt4,1970-02-28
Rebecca,Thompson,braunangela@example.org,5%sD6O(k,1970-06-21
Pamela,Compton,stacy51@example.net,*8P@VOzC,1970-10-23
Monica,Alvarez,jameswhite@example.net,&Ezg1qQi,2001-09-01
Kari,Turner,jeanettegarcia@example.net,T#79KuvX,2004-01-12
Michelle,Morgan,ysims@example.org,!%0LJSjd,1970-01-01
Margaret,Gray,osanders@example.org,%9(7w0Dt,1967-09-09
Nicholas,Davis,patellisa@example.org,+m5NEPUu,1981-08-09
Erin,Hall,moranroberto@example.org,3@4k5xYj,2004-06-07
Alexandria,Gray,tcoleman@example.com,+1FBwyWD,1964-12-24
Jennifer,Johnson,orrchristine@example.net,$@4sdJ4l,1968-11-27
Michael,Foster,karenbaker@example.net,(j1Jw*9y,1974-12-23
Melissa,Jackson,kelly47@example.org,(6WKrhG7,1966-11-15
Kathryn,Silva,snyderjessica@example.com,%W(502Bu,1983-04-04
Derek,Williams,alfrednguyen@example.com,*5CFyBdk,1999-12-12
Felicia,Durham,briantrujillo@example.net,a$92Iu(X,1994-05-06
Elizabeth,Anderson,smithtina@example.net,&)mp3Kiw,2003-06-18
Kimberly,Johnson,castillosean@example.com,6v%13*Tr,1976-05-25
Kimberly,Mills,lewisdavid@example.org,#a7RfYvf,1994-05-08
Douglas,Cannon,wcurry@example.net,$060RdBi,1984-02-10
Caleb,Phillips,steven25@example.com,*9VpXzpd,1967-12-15
Anne,Lawrence,michaelschultz@example.com,g(P3d(Ia,1994-12-01
Daniel,Johnson,leebecky@example.net,(+6fRE1o,1991-09-01
Robert,Willis,robinsonjavier@example.com,$Nv5XNuR,1992-11-06
Priscilla,Rios,gail20@example.com,@V6OEhiC,2003-07-13
Daniel,Brown,xwatts@example.org,#p3TC@lg,1965-01-29
Michael,Vincent,vfranklin@example.com,%kc4VMbv,1984-02-16
Kristi,Nunez,nancy23@example.com,^6TJBcNn,1998-12-26
Laura,Ramirez,amanda50@example.net,$k24TYnH,1992-12-13
Christopher,Gomez,shelly57@example.com,j+9WwI0q,1966-05-10
Darren,Le,gbailey@example.org,(1T$Vhog,1987-10-14
Samuel,Kelley,gravesjulie@example.net,Y%9SL@pE,1971-02-15
Ricky,Nichols,brandyforbes@example.net,*kum6Ucw,1978-04-14
Alison,Hernandez,davidholt@example.org,N_0PCs+j,1989-08-27
Michaela,Powell,crystal55@example.org,Go@2Xj&m,1991-01-13
Michelle,Weeks,qhoward@example.org,+u2OHygd,1967-04-02
Shannon,Grant,lwheeler@example.org,!x2EqJ&U,1971-08-23
Chloe,Martinez,xrogers@example.com,4_5Jbbp1,2004-10-14
Larry,Cox,colton20@example.com,_9dlnuWw,1967-10-29
Jimmy,Khan,lwilliams@example.com,E+r3cI2k,1966-11-17
Dominique,Sullivan,valdezcarmen@example.net,q2&p2JHf,1967-08-31
Sherri,Murphy,fernandeztravis@example.org,Cs@473In,1974-10-28
Joseph,Porter,lopezlouis@example.net,_(4Q!7z&,1998-08-11
Mark,Wood,rmorales@example.com,(9R0BNaf,1998-05-30
Brian,Ellis,smithtara@example.org,h!%31Tq),1996-09-21
Sarah,Hampton,lstein@example.org,V&)43B$o,1987-02-01
Travis,Johnson,ogonzalez@example.com,&hy8VqgO,1991-11-15
Ronnie,Wilson,kelseysanchez@example.org,2!((6Ytq,2004-09-19
John,Jones,thomas35@example.net,&18P*byz,1981-12-25
Heather,Nichols,prodriguez@example.com,Y@4GQtkn,1964-08-28
Madeline,Hernandez,john52@example.net,r+65Uqzh,1986-10-25
Crystal,French,jonathan74@example.org,vK*84VEk,1975-02-28
Brenda,Mason,frank91@example.net,3&2K%Jlw,1983-01-21
Anthony,Miller,meredith53@example.org,_4J+LiSe,1975-04-02
Donald,Perez,robert20@example.net,Suz&8QFo,2000-05-08
Timothy,Hartman,jennifermurphy@example.net,#34McZmO,1979-07-16
Katherine,Walker,sharonstevens@example.org,#6c^KvO0,1995-10-06
Amy,Smith,zlin@example.net,^E4JmuMh,2001-09-18
Kara,Brown,vcook@example.com,w%5&1OJv,1989-09-22
Stephanie,Stephenson,gabrielamcdonald@example.net,_0RvUdw(,1982-01-12
Wanda,Patterson,hchen@example.net,@ai0BLVt,1980-12-26
Heather,Melendez,emily28@example.org,*8_4EGqk,1972-07-11
Joseph,Gentry,daviscameron@example.com,c)1InXcc,1976-09-16
Craig,Gardner,stevensanchez@example.org,^7kR_Csx,1980-04-03
Patrick,Walker,danielssue@example.org,_aoN1DAl,2003-02-27
Kevin,Anderson,robertsolivia@example.org,(8zElq_C,1966-12-11
Rachel,Bartlett,karen85@example.net,)Y8BBTRu,1964-03-24
Brian,Meyers,wwillis@example.net,_F6c^AtR,1968-05-28
Susan,Smith,andrewinters@example.com,^2Exto2C,1968-12-03
Elizabeth,King,vmurphy@example.com,6&%X5PCf,1978-06-23
Patrick,Hoffman,davepierce@example.net,dWs**5Oe,1966-10-27
Leslie,Jones,levyedward@example.org,#5uHxSyI,1980-02-26
Darren,Chen,yortiz@example.com,%6CyA+x#,1991-10-06
Debra,Green,maureenochoa@example.com,60%4Tkl2,1973-08-20
David,Goodwin,edwardsmatthew@example.org,h!&1HUlv,2004-06-20
Christine,Williams,adamjohnson@example.com,#5eHk4yL,1998-08-24
Blake,Meyer,cmcmahon@example.org,&2IMggbm,1999-08-18
Shannon,Beck,waltersandrew@example.org,s_7NV&oy,1981-05-27
Benjamin,Smith,carladalton@example.org,DTO$25Fe,1970-08-18
Jim,Caldwell,candicetorres@example.net,W^sy62Xb,1966-10-27
Dennis,Garcia,katherinedavis@example.net,)403S&7m,1988-04-01
Erika,Knight,danielprice@example.org,G#%N6FIv,1987-01-27
Julie,Hernandez,kdouglas@example.org,5%K3I4sU,1968-06-08
Mary,Wilson,ylin@example.org,#S5OidVZ,1962-12-19
Kimberly,Mcpherson,amanda00@example.net,$F+5N!st,1975-11-23
Dillon,Lee,xgarcia@example.net,$6NaaL!b,1987-02-14
Sarah,Lowery,kmorales@example.com,#0^WWyv_,1986-08-26
William,Villa,rfox@example.org,@%7pZ1h),1982-10-03
Michelle,Smith,alexis96@example.net,#G(8RumG,1965-09-19
Richard,Davis,terry15@example.org,(O3#Y0Wk,1992-03-19
Mason,Fisher,kurtcampos@example.org,_B7iWEks,1998-05-05
Donald,Carter,margaretcrawford@example.org,^*6G%6Xa,1992-10-14
Benjamin,Vance,fcrosby@example.org,_g0U6$3v,1992-09-21
Julian,Adams,kayla77@example.net,GRGl$3Gn,1972-11-30
Laura,Simmons,jasmine25@example.net,*6Oynzmw,2004-02-16
John,Roberts,amyhardin@example.net,_1PuFgql,1962-10-05
Jonathan,Campbell,michael31@example.net,$o5KDurk,1983-03-29
Anthony,Acevedo,jennifer54@example.com,@8#C%e9^,1982-12-15
Debbie,Acevedo,spencer86@example.net,_t!78Azj,1968-09-21
Destiny,Schwartz,haaserika@example.com,a^2TSru1,2002-07-09
Colleen,Martinez,qmcdowell@example.org,*0YE*r%8,1995-05-13
Anthony,Mitchell,bellreginald@example.net,*gO$L5Sf,1988-06-15
Lee,Welch,michaelcooper@example.net,U2J(@2Yc,1967-07-17
Teresa,Ferguson,thomasdaniel@example.net,H+@6RFUj,1983-12-26
Kim,Garcia,daleray@example.com,(P@4H6iJ,1991-02-20
Danielle,Green,nelsonleah@example.net,+c3(1B9a,1981-11-04
Robert,Fox,norrisjacqueline@example.org,_7Hcpgk0,2000-01-29
Douglas,Mason,pamelawatkins@example.org,v#4S@_em,1977-03-10
Daniel,Rollins,amber48@example.net,%lh5KPiU,1994-08-03
Bryan,Malone,martineztimothy@example.net,%0(BefLQ,1985-01-06
Anthony,Mullen,ericahawkins@example.org,5r_1yDbj,1978-12-01
Matthew,Stewart,marshallloretta@example.com,b(0jSvqs,1975-11-03
Paul,Escobar,schmidttimothy@example.com,_61NCn(^,1977-12-31
Jeremy,Lee,jrhodes@example.org,)9_OYF0i,1980-09-25
Valerie,Newman,nina22@example.com,%*dS3pHb,1966-10-26
Brittany,Bass,kristinholt@example.net,%1P)ONeH,1976-01-24
Christian,Brewer,troyrodriguez@example.com,GJA#1Uay,1964-06-13
Kelly,Mclaughlin,leslie42@example.com,^&1nH7nr,1978-10-03
William,Norton,fgomez@example.com,(i0Sts*4,1981-12-20
Robert,Rollins,ricardohernandez@example.org,g@0VwWe+,1978-05-10
Theresa,Reynolds,murphyjohn@example.org,^9uZNNCr,1998-04-04
Jason,Smith,jenna53@example.org,q&^@4Qi1,1999-02-01
Jeremy,Young,thomas78@example.com,IX$4mInh,1976-11-27
Alison,Miller,heather17@example.org,odx!*4Vd,1976-09-11
Steven,Taylor,john77@example.com,I!iK0Flk,1970-01-11
Madison,Pittman,xschmidt@example.org,!5mFytUF,1985-01-03
William,Haley,christopher68@example.com,K&MEA4Yu,2004-07-24
Charles,Hurst,anna52@example.com,1)_9hI6v,1974-05-01
Daniel,Allen,aayala@example.org,k&q7eRXf,1968-05-26
Linda,Smith,camposjustin@example.org,&k8QJy!0,1980-08-13
Samantha,Riggs,danny72@example.org,%849B9Jw,1985-09-24
Tina,Torres,harriseric@example.com,)UR6BxR1,1990-01-11
Kelly,Moore,burnswilliam@example.org,3*4sjENz,1964-04-22
Kimberly,Rojas,caseykelly@example.org,%QW+M1Mj,1993-03-10
Scott,Harris,coreyoliver@example.net,^@#re3Hp,1969-04-01
Laura,Lee,fitzgeraldgina@example.net,C+1EqpT8,1964-10-26
Pamela,Levy,brenda32@example.org,qT$4LhGY,2000-12-08
Tiffany,Rodriguez,evanbarnes@example.net,g4@0YIse,1987-12-20
Keith,Hernandez,mdean@example.org,(l@4%+Ee,1995-06-28
Laura,Gray,echung@example.com,W%5Zd&Wm,1984-08-19
Timothy,Schultz,pdudley@example.net,#hUo3Nul,1982-02-14
Thomas,Daniel,jacobbenton@example.org,G)6W@_Dv,2001-11-16
Joel,Trevino,pamelaandrews@example.net,*8Ja#Now,1976-02-20
Audrey,Knight,khensley@example.org,+91TpHHQ,2000-02-10
Jeremy,Colon,kimberlywu@example.net,!7Cd8mHG,2000-03-09
Evan,Walton,wspencer@example.com,&5&QHrL@,1997-01-11
Wyatt,Pope,martinmichael@example.com,DH)1ijXy,1983-08-25
Lisa,Merritt,wendy27@example.org,$6Bfbzq),1970-08-16
Michael,Dennis,montgomerykyle@example.com,X#1IFODk,1966-05-11
Lauren,Miller,jrobinson@example.org,f@&2Ipo4,1993-05-11
Marie,Taylor,willischarlotte@example.com,2x*q2JjW,1971-12-02
Stephanie,Sims,william11@example.com,#R8fAob3,1974-10-08
Keith,Calhoun,wattsmichele@example.net,@F5^k$Gl,1991-10-28
Amy,Jordan,bradley86@example.com,B!*5@TRs,1980-05-14
Jose,Miller,framirez@example.org,*thLs7Uy,1984-04-05
Olivia,Baker,pdodson@example.org,*!0BQpn0,1979-08-02
Erika,Lewis,lisa41@example.org,&7PQx0&Y,1995-02-09
Stephanie,Smith,hmason@example.com,+#2wV#Yt,1969-01-01
Evan,Lawrence,jfernandez@example.org,+lC9Vb!b,1975-05-07
James,Jackson,qwilliams@example.net,h((S5CSv,2004-04-01
Gail,Galloway,alanosborne@example.com,V&+2AQ)z,1966-08-10
Lori,Bell,davidjackson@example.net,!41PH3Gf,1982-02-24
Beverly,Thomas,owenmelinda@example.net,^$x4aPKx,1963-09-22
Matthew,Thomas,awarren@example.org,cH)Y(5Wr,1986-01-05
David,Porter,yfreeman@example.org,2%2X2gSz,2003-03-14
Melissa,Smith,pburton@example.net,+Za8IAr@,1978-12-07
Leah,Robinson,ejohnson@example.org,++a3KBxx,1967-08-11
David,Savage,taylorjoshua@example.org,O#4SsXhR,1996-05-06
Deborah,Villegas,rosebradley@example.org,)q8WSuoc,1984-08-17
Scott,Jensen,caldwelladam@example.net,+4+4YxyG,1971-11-05
Glen,Kelly,tylerkelly@example.com,Wz(6nUlr,1987-03-26
James,Hayes,beverlymorgan@example.net,)M(1imUv,1973-09-04
Ryan,Wells,kimberlyswanson@example.net,)GQ7zRBv,1982-09-01
Steven,Henderson,aprilfisher@example.org,$5Hu851u,1996-12-21
Tiffany,Grant,danielsbarbara@example.net,&^4ArdQc,1977-05-28
Stephen,Welch,lisachang@example.net,C*0FMpRi,1979-04-25
Tami,Gardner,tina01@example.org,67^R3MJz,1995-05-05
Erica,Briggs,josephrobinson@example.org,h_2FG%@k,1983-01-14
Martin,Paul,melissataylor@example.org,+H3RDSnz,1976-07-22
Pamela,Barajas,ijones@example.net,*9J#g$E&,1988-12-12
Joseph,Nguyen,econway@example.com,Fa&1Rhra,1994-10-20
Russell,Stevens,vincentadam@example.com,#32Ut6z5,1968-04-07
Kenneth,Morrison,ewise@example.com,3#T5Sg2d,1992-08-06
Anna,King,cmorrison@example.org,#53Z&dqd,1976-05-07
Becky,Davis,doylemelissa@example.org,!sK4Oimw,2001-08-15
Darrell,Warren,lauriehuber@example.net,%8l38OdZ,2004-04-07
Michael,Arnold,anthonybanks@example.com,Ix@uU3Lg,1964-12-14
Richard,Christian,longjames@example.com,f*0zvOvd,1977-05-30
Yolanda,Mejia,jacksonann@example.net,x@1qRmYj,1989-03-17
Whitney,Medina,williamsrobert@example.net,#hH2W7x),1973-09-09
Aaron,Lin,ljacobson@example.net,#w79U3lq,1976-06-08
Gregory,Schroeder,kristin06@example.org,gJ!C9Fk@,1976-12-30
Nicholas,Smith,acostaamber@example.com,%7wPmbMh,1972-04-21
Christopher,Gray,sandovaljames@example.com,S(3KYf^s,1985-03-09
Michael,Rodriguez,xcarter@example.com,+YQ7#Gq5,1962-07-28
Angela,Roberts,cooperashley@example.net,t&e$0lGn,1996-08-18
Joseph,Morton,riossydney@example.net,!r7%CdZa,1973-07-11
Gilbert,Harrison,rwallace@example.net,lrr^5JOg,1979-08-04
Leslie,Pace,jacob67@example.com,+9vNCgfa,1983-03-22
Jason,Peterson,cfisher@example.net,*p3nF02h,2002-10-09
Alexander,Parker,tylerwhite@example.org,@6ScVhSN,1963-12-29
Denise,Rogers,james95@example.org,!Bhj8YFf,1964-01-31
Anthony,Reyes,parsonsbeth@example.com,1_5crGqj,1992-07-26
Cassandra,Price,velasquezjoshua@example.com,m%0BDSd9,1982-12-11
Brian,Sellers,jason68@example.net,4&59Ojqu,1974-10-16
Edward,Morgan,devin50@example.com,&13pfHor,1983-01-09
Andrea,Thomas,gmcclain@example.org,!)1QbI8o,1963-01-22
Anthony,Evans,kevin04@example.org,L*e6Fxcz,1986-10-08
Michael,Morgan,alicia29@example.org,O&82NrCp,1984-09-21
Tommy,Lester,andersonjustin@example.net,B+a$N6Sf,1990-10-09
Dale,Jones,colemanlisa@example.net,$m&m9Q4h,1963-09-26
Kimberly,Hess,thomas09@example.com,^9Enqf3p,1989-03-30
Angela,Mitchell,jeanne99@example.org,%MX$@9Ma,1988-09-13
Crystal,Jones,riverajessica@example.net,&8D^kzkf,1986-03-22
Margaret,Parker,emilymorales@example.net,!Ppq0N7j,2001-07-21
Charles,Rivers,anna30@example.net,+0*XBi3(,1986-12-19
Anthony,Proctor,qdavis@example.net,H5+8Ogm_,1979-08-15
Derek,Velasquez,csandoval@example.org,y(16VvmR,1968-02-18
Matthew,Johnson,mosserika@example.net,@c20*fXo,1991-01-18
Lindsey,Robinson,stevenperez@example.com,iSg%7yDp,1963-07-07
Adam,Finley,aclark@example.net,%^i6RcZd,2003-07-23
Adam,Gonzalez,blawson@example.org,^2XQxShg,2001-02-20
William,Foley,warrenjose@example.com,_K3KMg5^,2000-12-21
Amanda,Phillips,gregory94@example.org,!v0O2mI+,1979-10-13
Carrie,Miller,melissaolson@example.net,9vWW_3Ws,1980-02-05
Susan,Rice,hoffmananne@example.org,(3I6H&zp,1988-12-13
Danielle,Moore,tinaarmstrong@example.org,($0TuN(x,1977-02-19
Jon,Quinn,smithcharles@example.org,4S#82Eoc,1971-12-21
Jennifer,Green,patricklee@example.net,8+9WaGf6,1965-10-12
Jeffrey,Tran,qscott@example.org,@u4KufcN,1985-12-20
Dana,Smith,collinsrobert@example.net,@2IDUTmb,1962-10-13
Elizabeth,Simmons,fieldsjoshua@example.net,RS0_t9Et,1980-10-03
Jack,White,pauldixon@example.com,*PQ0Np0j,1997-12-02
Jeffrey,Brown,kristen89@example.com,^^F4Kcfr,1999-01-03
Elizabeth,Phelps,edward46@example.org,_6CaD0&s,1976-09-29
Rodney,Nichols,matthewberg@example.org,(8LuEcal,1974-11-17
Michelle,Cisneros,monica01@example.net,rRK%7%Nt,1995-07-05
Jessica,Thompson,brownsarah@example.org,eP#8Zfgy,1975-02-08
Michael,Webb,tinahorton@example.com,Dn#2GrMf,2001-01-20
Diane,Gonzalez,zlang@example.com,(6v7IzzC,1964-09-07
Jessica,Reese,lanecraig@example.org,%3hH&Q3g,1963-12-18
Roberto,Moore,monicaholt@example.com,6#2NB_a),1969-11-15
Ashley,Cunningham,johnsonmary@example.org,!k5CGut&,1968-01-12
James,Brooks,lopezstephanie@example.org,+^9RZzr7,1978-02-22
Nicole,Hernandez,hughesryan@example.net,l*U3SVZk,1982-07-25
Katherine,Valdez,aaron78@example.org,(tQ5vUjm,2004-11-29
Allison,Burton,nsmith@example.net,C@3^2wEs,2005-03-08
Dawn,Levy,briannaboone@example.net,p#p7Fa$v,1979-01-17
Richard,Garcia,rogerodonnell@example.com,)d6jC&uz,1980-06-16
Sarah,Simpson,coopermichael@example.com,&&9cC1io,1964-05-31
Haley,Lopez,youngkatherine@example.net,U^0U^Gem,1971-12-11
David,Moon,andrea95@example.com,5*7qgKcP,2002-11-06
Heather,Lawson,garciakurt@example.com,u$5yVAfj,1989-12-21
Amanda,Bush,oalexander@example.com,$1oQBza3,1988-07-04
Erin,Johnson,tmendoza@example.org,+&Z5Xnvr,1972-09-27
Peter,Graham,caitlynduran@example.net,#3L1OOox,1978-06-13
Becky,Jones,ymorrison@example.org,+()$0Uuc,1995-11-01
Cody,Fritz,maureen08@example.org,!6DDOYHs,1980-10-26
Samantha,Rubio,gfisher@example.org,*v9POPCi,1975-09-30
Emily,Clarke,julianyang@example.com,J$5DHcqU,1963-01-26
Jonathan,Newman,cooperabigail@example.net,Z)6HtvUq,1967-11-25
Karen,Glenn,smills@example.net,z)1Ya8zZ,1978-01-14
Shawn,Carroll,onavarro@example.net,2Fl_3iYb,2001-04-17
Jacqueline,Jones,thall@example.org,)8(1Vbe3,1991-06-08
Jason,Kane,oliverheather@example.org,#t0Ue@SX,2002-12-14
Shelia,Wise,katie76@example.org,+NVX0Mim,1993-05-27
Donald,Taylor,gavinbrown@example.org,q)5XAJzW,1972-11-09
Caitlin,Maldonado,wglenn@example.org,CH+9HYwt,2001-05-31
Trevor,Bass,christopher46@example.org,#4+GCGjJ,1964-09-12
John,Gomez,powellgabrielle@example.org,r%3BfV8K,1973-03-06
Sharon,Cunningham,hillmichelle@example.net,%2*wZXoX,2004-03-04
Anna,Davenport,gonzaleschelsea@example.com,Y+3FJ5Qu,1993-11-03
Kristi,Gray,emilyibarra@example.com,+Z65+4Ns,1987-03-04
Sarah,Torres,hudsontimothy@example.org,(jv2XuYy,2000-02-10
Lauren,Zimmerman,allenmartinez@example.org,#52nVu!u,2000-11-12
Joseph,Vang,randall94@example.com,ie!L6Saq,1990-05-01
Miranda,Guerra,umarshall@example.org,_82HTLRf,1981-10-16
Laura,James,bonillatyler@example.org,pk@3Rftx,1984-09-10
Timothy,Richmond,ryan55@example.com,V*48(Q4x,1964-11-28
Michael,Peterson,ibaker@example.com,#P0@!Mwc,1962-08-03
Jacqueline,Perez,nathancrawford@example.org,x%4pW_Kd,1966-02-03
Angela,Lee,david06@example.org,&gHrr2Ns,1976-01-24
Angela,Williams,bartonrachel@example.org,$Vp6Dos*,1985-05-21
John,Russell,ashleyyoung@example.com,)To5R7di,1972-05-21
Mary,Bernard,nicholasskinner@example.com,+2_Mi(ae,1996-10-22
Stanley,Russo,robertreyes@example.net,(qDw2cYa,1979-11-25
Eric,Washington,nancyowens@example.com,+1vayRyE,1970-05-01
Jacob,Drake,lporter@example.com,f*4(Ud4D,1998-04-17
Laura,Morgan,kmartin@example.net,r(C2QPp&,1981-05-19
Jeremy,Benjamin,jennifer32@example.net,%)3L!ck4,1967-03-17
Edward,Gonzalez,gstein@example.org,^@3ROtKm,1988-04-24
Betty,Robbins,simsalexander@example.com,0#2JqRwH,1967-11-04
Maurice,Logan,kennethmiller@example.org,9!C4nW^x,1988-02-23
Kaitlyn,Nelson,baguirre@example.net,_x4iFZds,2000-05-26
David,Perkins,ryan81@example.net,N$3IEyei,1969-09-27
Angela,Johnson,angelica57@example.com,v%c6TxJn,1997-08-12
Anna,Armstrong,iduffy@example.net,g#2^Av&*,1979-09-24
Evan,Williams,rebecca94@example.org,XTe*2Quv,1976-05-30
Carmen,Richardson,kathryn23@example.net,i(Zc4Pee,1967-12-20
Calvin,Moore,fred64@example.org,6(C7NKDf,1990-06-04
Jackson,Lang,john73@example.net,E#r6#Pgn,1985-04-14
Daniel,Saunders,swiggins@example.org,_q0NB1s7,2001-03-16
Nicholas,Vargas,michaelconley@example.com,#79AO4Ga,1974-06-22
Anthony,Harris,mcolon@example.com,%*J3HmLk,1967-02-10
Mackenzie,Ramirez,thomasmartin@example.org,!$7Uio#i,1973-08-04
Dawn,Allen,bryan41@example.com,*9PurTEy,1975-03-08
Margaret,Walker,arobinson@example.net,UU@1ANm8,1966-12-26
Bethany,Ellis,sanchezandrew@example.net,)s#0RGtX,1973-04-13
Jeffrey,Mccoy,vmartinez@example.net,q!9KAU9v,1970-11-20
James,Smith,shannonsilva@example.org,j%8cTyqD,1998-10-24
Jeremiah,Gonzales,ievans@example.com,+0JEq+Vj,1995-08-11
John,James,tommyhernandez@example.org,+Lxj1hMj,1997-12-17
Danny,Nash,htorres@example.com,%8AQi7f1,1979-11-03
Mary,Patel,khanna@example.com,@74kJqDb,1985-09-26
Kelsey,Lee,brittanyferguson@example.net,XH(N2Bwu,1990-08-15
Andrew,Ochoa,jrodriguez@example.org,G+X!3Bvm,1971-01-19
Laura,Thomas,staffordamy@example.net,&Vjm2KHn,1979-11-13
Herbert,Martin,holly65@example.com,*k$7VPno,1985-11-10
